{"cameraMode":{"drawMode":0,"name":"Shaded","section":"Shading Mode"},"sceneLighting":true,"audioPlay":false,"sceneViewState":{"showFog":true,"showMaterialUpdate":false,"showSkybox":true,"showFlares":true,"showImageEffects":true,"showParticleSystems":true},"in2DMode":false,"pivot":{"x":-4.463180065155029,"y":1.7758164405822755,"z":-1.060546875},"rotation":{"x":0.25592240691185,"y":-0.1884736567735672,"z":0.050946153700351718,"w":0.9467763900756836},"size":7.09657096862793,"orthographic":true}